"Fold01","Fold02","Fold03","Fold04","Fold05","Fold06","Fold07","Fold08","Fold09","Fold10"
1,0.727272727272727,0.818181818181818,0.8,0.8,1,0.9,0.777777777777778,0.818181818181818,1
